PassengerId,Pclass,Sex,Age,SibSp,Parch,Fare,Embarked,Cabin,LocationCode,Survived
1825,2,male,36.7,2,1,94.08,S,E174,LOC-585700,1
1793,3,female,40.7,0,0,9.44,S,E127,LOC-511307,1
1712,3,female,,0,0,10.97,S,F84,LOC-527085,0
1119,1,male,57.4,0,0,66.86,S,B25,LOC-802953,1
1470,1,female,32.3,0,0,59.04,S,B175,LOC-471344,0
1486,3,female,62.2,1,0,10.81,S,,LOC-485099,0
1236,3,male,32.4,0,0,8.85,S,,LOC-681674,0
1653,2,male,45.4,0,0,20.68,S,D142,LOC-148163,0
1572,1,female,9.8,0,1,138.72,C,,LOC-161259,1
1294,3,female,59.0,0,0,11.35,S,,LOC-276191,1
1691,3,female,12.4,0,1,14.19,S,,LOC-727917,1
1403,3,male,10.5,0,1,15.2,C,,LOC-273199,0
1411,3,male,37.3,2,0,19.67,S,F171,LOC-609903,1
1390,1,female,43.4,0,0,36.7,C,B105,LOC-960526,1
1619,2,female,43.3,0,1,22.15,S,,LOC-944735,0
1588,3,female,18.1,2,0,37.32,S,F72,LOC-946741,0
1245,2,male,5.1,0,0,41.03,S,,LOC-450601,0
1766,2,male,36.8,2,0,38.52,S,,LOC-131909,0
1135,3,female,12.2,1,0,10.95,S,F216,LOC-505621,0
1538,3,male,44.5,1,1,13.76,S,,LOC-955252,0
1339,2,male,0.5,1,3,84.86,Q,,LOC-904194,1
1163,1,male,21.5,0,0,80.09,S,A164,LOC-919462,1
1219,1,female,49.0,0,0,160.26,S,,LOC-985985,1
1068,3,male,3.8,0,3,21.38,S,G109,LOC-798972,0
1742,2,male,10.5,0,1,54.4,S,,LOC-914749,1
1187,1,male,23.8,1,0,52.17,Q,D125,LOC-827363,0
1148,3,female,12.8,0,0,16.55,S,E206,LOC-160200,1
1426,3,female,35.7,0,0,27.63,S,,LOC-700547,1
1760,3,male,16.8,0,1,18.17,S,,LOC-921006,0
1537,1,female,40.1,1,1,85.98,S,,LOC-605973,1
1413,3,male,23.0,0,0,13.91,S,,LOC-309694,0
1377,1,female,39.8,1,0,61.2,S,D92,LOC-905268,1
1625,3,female,0.5,0,4,11.56,S,D184,LOC-769557,1
1782,2,male,,0,2,53.4,C,G219,LOC-567418,1
1005,1,male,39.1,1,0,73.29,S,,LOC-301352,0
1803,3,male,28.8,0,0,8.34,S,D179,LOC-203262,0
1723,3,male,17.9,1,0,23.5,S,F183,LOC-453068,0
1297,3,female,,0,0,8.19,S,F161,LOC-275626,0
1545,1,male,55.2,1,0,116.09,S,A94,LOC-826909,0
1121,3,female,28.7,1,1,14.6,S,,LOC-139992,0
1117,3,male,26.3,1,0,6.66,S,,LOC-403722,0
1308,1,female,55.2,0,0,134.15,S,,LOC-395001,1
1814,1,male,25.0,1,0,112.69,S,D104,LOC-697485,0
1391,2,female,31.3,0,1,22.91,S,E153,LOC-538415,1
1157,1,male,19.3,1,1,95.71,C,,LOC-194846,1
1886,3,female,14.5,1,1,9.13,S,G188,LOC-929880,1
1188,1,female,,0,0,106.75,S,C198,LOC-434635,1
1371,3,female,49.1,0,0,8.98,S,F208,LOC-454765,0
1615,3,female,35.1,0,0,7.77,C,,LOC-639628,0
1010,2,female,43.3,1,1,40.29,S,F4,LOC-248053,1
1688,2,female,15.2,1,0,33.04,S,,LOC-600535,1
1799,3,male,19.9,0,1,11.01,S,G15,LOC-308683,1
1302,3,male,32.8,1,0,14.54,S,,LOC-436409,0
1340,3,male,34.7,1,1,18.65,C,D14,LOC-759940,0
1063,3,male,33.6,0,0,7.06,S,,LOC-879398,0
1569,1,male,48.5,0,0,122.6,Q,A214,LOC-340186,1
1579,3,female,6.5,2,0,13.96,C,,LOC-842742,1
1159,3,female,55.6,0,0,18.51,S,G38,LOC-176730,1
1509,3,male,22.0,2,0,19.24,C,,LOC-279442,0
1295,3,female,,1,1,12.04,S,,LOC-696521,0
1658,2,male,40.5,0,0,26.74,S,,LOC-991867,1
1827,2,male,,1,0,17.33,S,,LOC-118578,0
1576,3,female,18.2,1,0,9.71,Q,,LOC-502899,1
1490,3,female,15.8,1,0,16.29,S,,LOC-881915,0
1168,1,female,46.7,0,0,112.11,Q,B49,LOC-105308,1
1518,2,male,24.4,0,0,26.81,S,E162,LOC-760364,0
1057,2,female,,0,0,15.2,C,D151,LOC-777101,1
1096,3,male,33.9,3,0,9.07,S,,LOC-293347,0
1165,3,male,42.5,0,1,10.89,C,,LOC-287281,0
1546,2,male,2.8,0,2,23.42,S,G175,LOC-617025,0
1250,1,male,39.7,1,0,145.83,S,,LOC-127226,1
1174,3,female,30.7,1,1,16.59,S,F182,LOC-722235,0
1110,2,female,4.8,0,1,45.67,S,,LOC-286505,0
1451,2,female,34.5,0,0,17.65,C,,LOC-269299,1
1291,3,female,24.9,1,0,8.78,S,F121,LOC-708310,0
1298,3,female,16.9,1,0,9.61,S,F182,LOC-882262,1
1070,2,female,5.9,1,0,56.09,S,,LOC-327517,0
1257,3,female,31.0,0,0,17.13,S,,LOC-205441,1
1606,3,female,7.4,0,1,8.52,S,,LOC-920729,1
1534,3,female,30.2,0,0,9.96,S,,LOC-844809,1
1078,3,male,43.4,1,0,14.39,C,,LOC-835341,0
1350,3,male,0.5,3,0,13.2,S,,LOC-623633,1
1806,3,female,25.0,1,1,12.45,S,G159,LOC-353651,0
1280,2,male,31.5,0,1,42.96,S,,LOC-578065,1
1683,3,male,26.4,0,0,5.45,S,E34,LOC-913370,0
1127,3,male,,0,1,16.92,S,,LOC-899979,0
1366,3,female,59.6,0,1,11.76,Q,F160,LOC-879190,0
1630,1,female,40.3,0,0,99.18,C,,LOC-986285,1
1404,2,female,24.1,1,0,47.2,C,G27,LOC-144129,1
1526,3,male,20.5,0,0,8.01,C,G32,LOC-650330,0
1727,1,male,12.6,0,0,62.93,S,D213,LOC-850761,1
1887,3,female,36.5,1,0,9.16,C,,LOC-586904,0
1849,3,female,16.5,1,2,13.62,S,,LOC-857670,0
1476,2,female,44.0,2,0,27.82,S,D125,LOC-123748,0
1023,3,male,,1,1,15.61,S,,LOC-943204,0
1664,1,male,32.1,0,0,68.42,S,A210,LOC-304791,1
1420,2,male,26.5,0,0,38.8,S,E130,LOC-429821,0
1387,3,female,28.8,0,1,10.4,S,,LOC-394457,1
1333,1,female,41.6,0,2,115.15,S,D201,LOC-372627,1
1410,3,female,30.2,1,0,10.42,S,,LOC-543844,0
1357,3,male,,0,0,12.87,Q,G69,LOC-282777,1
1408,3,female,17.3,1,0,20.17,C,,LOC-556510,1
1882,3,male,4.9,0,2,8.63,S,B204,LOC-193276,1
1198,1,male,40.9,1,0,98.09,Q,A97,LOC-639283,1
1232,2,female,20.9,0,1,29.92,Q,E148,LOC-333064,0
1108,1,male,6.5,0,1,123.98,S,,LOC-414144,1
1855,2,male,27.1,0,0,40.29,C,,LOC-821206,1
1819,1,male,36.0,0,1,136.76,S,C121,LOC-471740,1
1095,3,male,38.6,1,0,16.91,S,F147,LOC-593303,0
1429,2,male,26.9,1,0,35.78,S,,LOC-147096,0
1768,2,female,22.8,0,0,22.92,S,E202,LOC-110208,1
1401,2,male,30.2,1,1,25.44,S,,LOC-729427,0
1699,1,female,42.6,0,0,72.56,C,,LOC-290081,0
1144,3,male,28.1,2,0,30.8,S,,LOC-168540,0
1785,3,male,,1,2,22.76,C,,LOC-182900,1
1017,2,female,31.3,0,0,22.13,S,,LOC-531541,1
1832,3,male,24.4,3,0,11.57,S,,LOC-753457,0
1468,3,male,51.0,0,0,10.64,C,F39,LOC-364389,0
1287,3,male,,0,0,13.15,S,,LOC-721399,0
1660,3,male,17.2,2,0,15.66,S,,LOC-843971,0
1539,2,male,37.4,0,0,38.42,S,,LOC-722485,0
1529,1,male,45.2,0,0,68.61,S,,LOC-140571,0
1128,3,female,11.7,2,0,24.37,Q,,LOC-874386,1
1212,2,male,38.2,1,1,33.4,S,,LOC-764267,1
1352,2,male,31.3,0,2,19.57,S,,LOC-518464,0
1335,1,male,8.8,0,1,153.11,S,,LOC-459716,1
1011,3,male,28.1,2,0,12.18,S,D158,LOC-739623,0
1880,3,female,12.2,3,0,15.31,S,G144,LOC-757005,0
1738,2,female,45.2,0,0,50.03,Q,F163,LOC-824874,0
1802,3,male,29.0,2,0,10.96,S,,LOC-781156,0
1532,3,male,41.4,0,1,14.65,S,,LOC-712465,0
1668,2,male,46.4,2,0,32.07,S,,LOC-446688,0
1669,3,male,16.4,1,1,8.1,C,,LOC-348073,0
1612,2,male,17.5,1,0,39.03,S,,LOC-581438,0
1321,1,male,47.1,0,1,99.93,Q,,LOC-132631,1
1830,3,male,15.4,1,0,16.75,Q,,LOC-492970,0
1513,2,male,44.3,1,0,27.01,S,,LOC-156105,1
1542,2,male,8.5,0,0,26.35,S,,LOC-925703,1
1416,3,female,8.9,4,1,13.98,S,,LOC-625951,1
1192,3,male,19.9,1,1,14.38,Q,F194,LOC-823516,0
1430,3,female,,0,0,10.88,S,,LOC-297720,0
1073,2,male,46.7,2,0,25.79,S,,LOC-684106,0
1682,3,male,34.4,0,2,16.16,S,,LOC-114121,0
1266,1,female,8.5,2,1,93.98,S,,LOC-999929,1
1717,3,male,6.4,0,1,11.54,C,,LOC-976128,0
1535,3,female,31.1,0,0,16.83,S,D186,LOC-942102,1
1386,3,male,13.1,1,0,7.92,S,G158,LOC-834230,0
1874,3,male,52.0,2,0,16.36,S,G190,LOC-971381,0
1105,3,male,23.1,1,0,20.14,S,F69,LOC-911489,1
1290,2,male,10.5,1,0,54.18,C,,LOC-498194,0
1659,3,male,5.5,0,1,16.13,S,G211,LOC-228663,0
1551,2,male,,1,0,29.49,Q,E140,LOC-413651,0
1678,2,male,13.8,0,2,26.91,S,,LOC-101607,0
1173,3,male,7.6,2,2,20.64,S,,LOC-399934,0
1860,3,female,42.9,1,0,9.81,S,C166,LOC-763840,0
1769,1,male,68.4,0,0,107.36,Q,A21,LOC-685741,1
1223,1,female,7.3,1,0,62.96,C,B87,LOC-235054,1
1648,3,female,11.5,0,0,9.69,S,,LOC-407045,0
1741,1,male,26.5,0,0,119.33,,,LOC-257401,0
1224,2,female,34.0,1,0,32.3,Q,,LOC-938612,0
1077,3,male,,0,0,18.41,C,G208,LOC-261087,1
1186,1,male,36.7,1,2,94.23,S,A104,LOC-159154,1
1279,3,male,35.7,2,0,16.88,S,F179,LOC-445196,0
1155,3,female,26.9,1,0,19.71,S,F115,LOC-949631,0
1463,3,female,23.0,1,0,19.24,S,,LOC-984792,1
1126,3,female,17.5,2,0,6.75,S,G69,LOC-214504,1
1639,1,female,48.8,1,0,79.95,Q,C84,LOC-203116,1
1744,3,female,7.2,0,0,7.32,Q,,LOC-359367,1
1064,3,female,42.1,1,0,7.78,S,G55,LOC-341106,1
1344,3,female,46.0,1,0,7.35,S,G51,LOC-721314,1
1871,3,male,26.8,1,0,11.46,C,E81,LOC-377616,0
1355,1,female,25.1,2,1,122.09,C,C108,LOC-414878,1
1122,1,female,38.9,0,0,63.66,S,,LOC-966995,1
1406,2,female,27.2,0,0,26.58,Q,,LOC-719396,1
1175,3,female,17.0,1,0,13.74,Q,,LOC-729040,1
1438,3,female,55.3,0,0,8.88,Q,G4,LOC-782370,1
1758,3,male,17.7,0,1,12.99,S,G15,LOC-893218,0
1510,3,male,26.6,2,0,10.74,Q,G156,LOC-703922,0
1284,2,female,57.8,0,0,30.58,C,,LOC-655205,1
1324,3,female,13.4,0,1,11.84,S,D36,LOC-893738,1
1313,3,female,,2,0,12.89,S,,LOC-929110,0
1275,1,male,43.3,0,0,98.6,S,B198,LOC-645313,1
1328,3,female,26.4,1,0,6.59,C,G124,LOC-959664,1
1296,1,male,45.8,0,0,74.59,S,,LOC-172368,1
1816,2,male,51.4,0,1,32.77,S,F14,LOC-515004,1
1268,3,male,31.1,1,1,15.85,S,,LOC-237387,1
1115,3,female,33.1,0,0,15.3,S,,LOC-386548,1
1859,3,female,9.3,0,3,14.56,C,E203,LOC-104666,1
1399,2,male,,0,0,28.23,S,,LOC-410844,0
1299,3,male,35.7,0,0,11.9,S,G166,LOC-997570,0
1671,3,female,,0,0,7.82,C,F81,LOC-248514,0
1641,1,female,69.7,0,1,65.87,S,A121,LOC-432441,1
1552,2,male,6.6,1,1,28.04,C,G219,LOC-374296,0
1571,3,male,24.7,0,0,15.87,S,,LOC-333324,1
1172,1,male,,1,0,59.32,S,,LOC-507377,1
1815,3,male,22.6,0,0,14.83,S,,LOC-149920,1
1740,3,female,,1,3,19.58,S,G128,LOC-268068,0
1487,1,male,35.1,0,1,128.13,S,C208,LOC-344874,1
1030,2,male,31.2,0,1,23.02,S,F8,LOC-193230,1
1811,3,female,29.7,0,0,29.27,S,G5,LOC-445471,1
1439,2,male,8.8,0,0,19.06,C,E100,LOC-489302,1
1543,3,male,31.4,1,1,11.84,S,,LOC-477668,0
1523,2,male,44.4,2,0,31.15,S,B133,LOC-979934,0
1431,1,female,28.6,1,0,91.14,S,B110,LOC-617159,1
1305,3,female,,1,0,14.19,C,G152,LOC-684184,1
1689,1,female,30.4,0,0,106.13,Q,A42,LOC-744478,1
1746,1,female,49.1,0,1,134.6,S,,LOC-743974,1
1601,1,male,26.3,3,0,209.64,S,,LOC-610077,0
1674,3,male,38.0,2,0,12.54,S,,LOC-624692,0
1032,3,male,48.9,0,0,11.5,Q,,LOC-879571,0
1616,2,male,22.1,0,0,25.75,S,,LOC-142533,1
1502,2,male,12.9,0,0,33.27,C,A44,LOC-212496,1
1251,3,male,,1,0,10.28,S,,LOC-715669,1
1856,2,male,24.7,0,0,28.83,S,,LOC-412226,0
1737,3,female,38.0,1,0,11.77,S,,LOC-799359,1
1781,2,male,39.9,0,0,35.62,C,,LOC-382735,0
1365,1,female,,1,0,73.02,C,A137,LOC-839791,1
1239,3,male,43.9,2,1,10.76,S,,LOC-839648,1
1375,3,male,5.9,2,3,11.96,Q,F40,LOC-928790,0
1564,1,male,35.8,0,0,247.82,S,,LOC-598607,1
1342,2,male,39.8,0,1,35.84,S,,LOC-801350,0
1681,3,male,28.6,3,1,9.89,S,G155,LOC-460879,0
1610,2,male,26.3,1,0,19.04,Q,E215,LOC-661280,1
1466,3,female,25.4,1,0,12.32,S,G76,LOC-807773,0
1862,2,female,40.0,1,0,25.18,S,D195,LOC-485971,0
1022,3,male,45.1,1,0,7.63,S,G78,LOC-234109,0
1181,3,male,29.9,1,0,12.9,Q,G22,LOC-505009,0
1478,3,male,18.9,2,0,15.86,S,F208,LOC-340142,0
1519,2,male,,1,1,31.57,C,D100,LOC-615174,1
1141,3,male,45.5,2,0,10.64,S,,LOC-117114,1
1592,1,male,40.5,0,0,93.88,S,A130,LOC-847624,1
1591,2,female,47.9,0,1,21.43,S,E188,LOC-887600,1
1642,1,female,41.5,0,0,98.71,S,C41,LOC-640093,0
1792,2,female,34.1,0,0,24.68,S,G201,LOC-746942,0
1210,2,male,50.2,0,0,38.84,C,,LOC-821435,0
1407,3,male,28.2,0,1,7.23,S,,LOC-575182,0
1435,1,female,43.3,0,0,103.03,S,,LOC-577967,1
1640,3,female,,0,0,9.06,S,,LOC-671098,1
1753,1,female,61.6,0,1,72.58,S,,LOC-241769,0
1278,3,male,9.8,0,1,23.72,S,G88,LOC-851264,1
1253,1,female,10.1,0,1,85.98,C,,LOC-482664,1
1276,1,male,41.4,2,0,192.38,Q,,LOC-727039,1
1809,3,male,,0,0,15.57,C,,LOC-498664,0
1307,2,male,11.5,0,0,25.81,Q,,LOC-142175,0
1541,3,male,27.8,1,0,12.97,S,E219,LOC-720991,1
1211,2,male,12.2,0,0,50.73,S,,LOC-580457,0
1870,3,male,12.4,3,0,10.14,S,,LOC-251610,1
1254,3,male,43.0,0,0,17.57,S,F166,LOC-915879,0
1867,3,male,,1,1,13.25,S,F111,LOC-475503,1
1504,1,male,47.8,0,0,92.39,S,E191,LOC-917450,1
1107,3,male,20.4,0,0,9.51,Q,,LOC-600679,0
1520,3,male,24.8,0,0,19.83,S,,LOC-679187,0
1137,2,female,7.1,1,0,47.24,S,,LOC-889089,1
1710,2,male,31.4,2,0,41.67,S,F30,LOC-866749,0
1129,1,female,54.5,0,0,110.71,S,,LOC-962063,1
1889,3,female,32.2,1,0,14.2,S,,LOC-142990,0
1062,1,male,32.6,0,0,152.13,S,,LOC-917889,0
1818,3,male,10.7,2,0,22.04,C,,LOC-319272,1
1241,3,male,10.5,0,0,17.05,Q,G102,LOC-891846,0
1256,2,male,31.8,0,0,27.52,S,C205,LOC-573294,1
1553,3,female,27.9,0,0,10.74,C,F93,LOC-387835,0
1614,3,male,13.1,2,0,9.83,C,,LOC-564680,0
1634,3,male,16.9,0,0,11.18,Q,F208,LOC-675166,1
1548,3,female,64.8,0,1,19.48,S,E76,LOC-936706,1
1755,2,female,29.1,2,0,32.04,Q,E167,LOC-267249,1
1006,3,female,34.6,0,1,15.68,S,D109,LOC-296048,1
1354,3,female,31.0,1,0,14.35,C,D29,LOC-250205,1
1084,1,female,27.0,0,0,63.11,C,,LOC-452970,1
1705,1,female,52.0,0,0,35.19,S,C135,LOC-757128,1
1779,1,male,30.8,0,1,65.48,C,C114,LOC-674371,1
1393,3,male,31.9,0,0,19.64,S,G26,LOC-499104,0
1479,2,female,31.3,0,1,15.86,S,,LOC-836940,1
1092,3,male,8.6,1,1,18.78,S,,LOC-386477,1
1512,1,male,41.1,1,1,94.13,C,,LOC-913497,1
1417,3,female,10.9,1,0,8.96,Q,C55,LOC-402440,1
1412,3,female,27.5,0,0,7.3,Q,G130,LOC-214203,0
1130,3,female,48.9,1,0,9.22,S,,LOC-413667,0
1007,2,male,5.0,1,1,52.53,S,D117,LOC-407232,1
1754,3,male,12.4,2,1,35.88,C,F104,LOC-945441,0
1745,1,female,41.2,0,0,45.81,S,,LOC-945589,1
1039,1,male,46.0,0,1,91.51,C,D215,LOC-203019,1
1312,3,male,18.0,0,0,8.98,C,,LOC-508469,0
1892,2,male,,0,0,27.12,S,,LOC-759089,0
1362,3,male,9.1,1,0,8.42,C,,LOC-332443,0
1364,2,female,20.7,0,0,29.76,S,D61,LOC-734918,1
1215,1,male,43.2,1,0,79.62,Q,,LOC-520790,1
1204,2,female,10.7,0,2,38.13,C,D145,LOC-117389,1
1491,3,female,27.9,1,1,19.28,C,G82,LOC-761407,0
1515,3,male,21.7,0,1,13.06,S,,LOC-682158,0
1622,2,female,34.0,2,2,39.39,S,,LOC-344896,1
1351,3,male,32.2,3,0,22.89,C,,LOC-630363,1
1441,3,female,14.5,1,0,11.28,S,,LOC-559156,0
1795,3,male,11.4,0,2,12.58,S,,LOC-507528,1
1693,3,female,25.4,0,0,13.31,S,,LOC-856991,1
1288,1,male,55.5,0,0,81.79,S,B174,LOC-948895,1
1402,3,female,,0,1,9.88,S,G168,LOC-863386,0
1263,2,male,37.1,1,1,38.48,S,,LOC-844871,0
1244,1,male,34.9,0,0,88.41,S,B153,LOC-705207,1
1824,3,female,33.4,1,2,15.37,S,G112,LOC-112269,0
1786,3,female,16.0,1,0,10.42,S,G37,LOC-906782,0
1835,3,male,26.1,1,0,6.48,S,,LOC-303287,0
1397,3,female,16.0,1,0,20.9,C,,LOC-298182,0
1495,3,male,21.3,0,0,7.9,S,,LOC-217808,0
1180,3,female,21.0,1,0,19.52,S,,LOC-133659,0
1306,3,female,22.9,0,0,8.04,S,,LOC-166245,0
1852,3,female,,0,0,9.23,C,,LOC-528947,0
1720,1,male,6.5,0,1,145.15,S,,LOC-188622,1
1594,1,male,25.6,0,2,62.91,S,B197,LOC-622166,1
1595,1,male,39.3,0,0,56.46,S,E155,LOC-325703,0
1102,3,male,40.0,0,0,16.45,S,,LOC-571130,0
1475,3,male,17.2,1,1,11.0,S,,LOC-979777,0
1492,3,female,24.0,0,1,14.41,S,,LOC-873435,0
1394,2,female,37.1,0,0,35.43,S,G166,LOC-660643,0
1483,3,female,19.0,0,0,9.68,C,,LOC-501613,1
1020,3,female,24.7,0,1,14.45,C,,LOC-686047,0
1345,1,female,11.7,1,0,69.28,S,D104,LOC-933560,1
1331,1,male,44.6,0,0,72.17,S,C86,LOC-969484,1
1424,3,male,7.8,0,0,18.11,Q,G183,LOC-664520,0
1058,1,male,62.8,0,1,183.22,S,,LOC-553368,0
1336,1,male,54.7,0,1,155.3,Q,,LOC-100016,1
1080,1,male,40.3,1,1,68.17,S,,LOC-176553,1
1452,3,female,33.4,1,0,12.82,S,,LOC-410434,1
1450,2,male,20.8,0,0,51.18,Q,,LOC-921412,0
1884,2,male,26.7,0,0,31.82,S,,LOC-632698,0
1516,2,male,26.0,0,0,20.2,S,,LOC-357205,0
1246,3,male,45.5,2,0,15.99,C,G202,LOC-799546,1
1488,2,male,23.6,0,0,17.38,S,,LOC-429592,0
1456,3,male,,2,0,13.0,Q,,LOC-942640,0
1079,3,male,34.3,0,0,7.69,S,G93,LOC-446635,0
1531,2,female,27.6,0,1,21.22,S,E2,LOC-588306,1
1888,3,male,38.8,2,0,10.56,C,F115,LOC-286660,0
1555,3,female,19.0,1,0,6.89,S,G71,LOC-900326,1
1570,3,male,12.2,0,0,7.13,C,,LOC-542376,1
1789,1,female,41.7,1,1,124.34,S,B24,LOC-863671,1
1718,3,male,12.7,1,1,8.52,S,F185,LOC-322747,0
1067,1,female,47.3,0,1,45.21,C,,LOC-135090,0
1385,3,male,23.0,2,0,12.08,Q,G86,LOC-603914,0
1505,2,female,6.9,0,1,75.66,S,,LOC-776123,1
1850,2,female,44.5,0,0,20.46,C,D121,LOC-292037,0
1586,2,female,40.8,0,0,33.0,S,,LOC-711695,0
1283,1,male,48.2,0,0,49.01,C,,LOC-494065,0
1685,2,female,10.9,1,0,32.35,,D193,LOC-924154,1
1899,3,male,29.9,1,1,13.17,S,,LOC-424612,0
1635,2,male,37.8,0,0,38.11,C,,LOC-712440,0
1262,3,female,24.1,0,1,17.17,S,,LOC-993353,0
1530,2,female,39.2,1,0,25.32,S,,LOC-961216,1
1898,2,male,4.5,0,2,27.05,S,,LOC-969266,0
1303,1,female,,0,0,113.24,S,,LOC-403688,1
1103,3,male,29.0,0,0,11.04,S,,LOC-310960,0
1230,2,female,22.9,0,1,25.82,S,,LOC-898190,1
1179,2,male,24.4,0,0,23.67,S,,LOC-304764,1
1090,3,female,44.4,3,0,25.18,S,,LOC-758630,0
1031,3,male,14.5,1,3,36.24,S,F52,LOC-813724,1
1473,1,female,42.4,0,0,73.7,S,,LOC-548101,1
1001,3,male,34.1,1,0,12.11,S,,LOC-926198,0
1525,3,male,14.8,0,0,13.86,C,,LOC-325485,1
1111,3,female,3.7,0,0,9.68,S,,LOC-178710,0
1152,3,male,,1,0,13.06,S,,LOC-525213,1
1349,3,female,13.9,2,1,23.93,Q,F91,LOC-648976,1
1373,1,female,34.8,0,1,155.52,S,,LOC-766846,1
1162,2,male,8.9,0,1,25.66,S,,LOC-629662,0
1118,2,female,40.9,0,0,20.52,S,,LOC-893732,0
1833,2,male,31.9,1,2,54.63,C,,LOC-303715,0
1222,3,female,32.0,0,1,21.8,S,,LOC-587843,1
1665,3,female,33.5,0,0,11.1,C,,LOC-809462,0
1507,3,male,14.5,0,0,11.79,S,G3,LOC-959642,0
1207,3,female,19.8,0,0,13.46,C,G193,LOC-109238,0
1026,1,female,30.5,0,0,133.61,S,E71,LOC-644219,1
1672,3,male,,0,1,9.49,S,,LOC-984920,1
1582,1,male,39.0,1,0,89.47,S,,LOC-793345,1
1425,2,male,,0,0,21.39,S,,LOC-640955,1
1301,3,male,23.4,0,0,8.98,S,,LOC-469010,0
1235,3,male,13.0,0,0,9.6,,,LOC-103660,0
1828,2,female,9.1,1,1,20.96,Q,D217,LOC-771627,1
1481,3,female,58.6,2,0,10.73,S,,LOC-253384,1
1604,2,male,11.0,0,1,26.78,S,G186,LOC-188125,0
1836,3,female,11.8,2,2,15.49,S,,LOC-516927,1
1316,3,male,,0,0,12.21,S,F166,LOC-400140,0
1214,3,female,23.2,2,0,23.18,S,,LOC-134022,1
1423,2,male,17.8,1,0,25.35,C,,LOC-612569,0
1131,2,male,22.8,1,0,22.33,S,D105,LOC-251183,0
1514,3,male,30.8,2,0,22.28,,G104,LOC-779361,0
1629,2,female,47.2,0,0,24.52,S,,LOC-659625,0
1353,2,female,28.1,0,0,30.76,Q,,LOC-566116,1
1861,1,male,10.9,0,1,64.14,S,E214,LOC-706499,1
1876,3,male,13.4,4,1,28.75,S,,LOC-283061,0
1071,2,male,17.7,0,2,58.39,S,,LOC-171565,1
1370,1,male,44.5,0,0,83.56,S,A37,LOC-480737,1
1323,3,female,11.6,0,1,11.83,S,G163,LOC-318242,0
1228,3,female,23.8,1,1,10.16,S,G6,LOC-330251,1
1644,3,male,28.5,2,0,14.61,S,,LOC-814437,0
1607,2,male,50.4,0,1,54.09,S,,LOC-992106,0
1759,3,male,,1,0,13.94,C,F208,LOC-528868,0
1820,1,female,25.8,0,0,58.28,S,B83,LOC-459733,1
1322,3,female,11.4,2,1,8.39,C,,LOC-164922,0
1123,2,male,50.6,1,0,36.73,S,,LOC-509314,0
1497,3,female,36.6,0,0,14.8,S,,LOC-902517,0
1817,2,female,3.6,0,1,70.1,S,D127,LOC-234954,1
1736,2,male,31.7,0,0,30.46,S,,LOC-441137,0
1018,3,male,13.4,0,0,23.17,S,,LOC-857926,1
1422,3,male,51.2,1,0,8.91,C,F92,LOC-401031,0
1190,3,male,28.8,2,0,5.68,S,,LOC-479962,0
1072,3,male,15.6,2,2,23.35,S,,LOC-269924,0
1138,3,female,6.5,1,2,15.54,C,,LOC-139064,1
1347,1,male,40.6,1,0,97.44,S,,LOC-382557,1
1540,3,female,29.4,0,0,12.09,C,,LOC-359380,0
1112,1,male,50.2,1,0,130.88,S,,LOC-579000,1
1547,3,male,27.5,2,0,10.86,S,F91,LOC-812767,0
1568,1,male,27.8,0,0,36.79,S,B107,LOC-240969,1
1447,3,female,25.2,1,0,12.62,C,G117,LOC-910492,0
1147,2,female,27.6,0,0,24.28,S,G155,LOC-144209,1
1383,2,female,39.2,1,0,26.93,C,,LOC-669088,1
1558,3,female,15.3,0,0,21.76,S,F27,LOC-485177,1
1858,1,male,24.8,1,0,94.76,C,,LOC-402596,0
1484,1,male,45.0,1,0,98.95,S,C110,LOC-995859,1
1320,3,male,,1,1,8.21,,G174,LOC-823939,0
1838,3,male,,1,0,16.88,C,G4,LOC-308418,1
1234,3,female,11.7,1,1,17.23,S,G177,LOC-642607,0
1200,2,male,9.8,0,1,46.44,S,,LOC-846440,0
1193,3,male,24.6,2,0,11.0,Q,,LOC-206522,0
1213,2,male,16.0,0,1,43.36,S,,LOC-991731,0
1221,1,male,42.8,0,0,78.29,S,E192,LOC-424413,1
1646,1,female,26.0,1,0,77.79,C,,LOC-138369,1
1277,3,female,20.2,0,2,12.18,S,,LOC-180981,1
1655,1,female,40.9,1,0,92.48,S,,LOC-952792,1
1638,3,male,33.7,0,2,7.32,S,,LOC-592081,1
1405,1,female,48.0,0,1,87.1,S,,LOC-837810,0
1747,1,male,43.4,0,1,164.96,S,,LOC-884611,1
1388,1,male,36.0,0,1,66.51,C,,LOC-829978,1
1368,2,female,23.9,2,2,42.47,S,,LOC-891192,1
1209,3,male,41.3,0,0,11.05,S,,LOC-537539,0
1082,1,male,33.8,0,0,51.12,S,C103,LOC-828297,1
1004,3,female,17.7,1,0,20.64,S,,LOC-846064,1
1708,3,male,24.6,1,0,14.48,S,G167,LOC-789136,0
1559,3,female,49.3,0,1,18.5,C,,LOC-483465,0
1060,3,male,,1,0,7.41,S,F31,LOC-133493,1
1574,2,female,37.0,0,0,54.22,S,G83,LOC-340397,0
1199,3,female,7.4,0,1,14.33,S,,LOC-256211,1
1317,3,male,20.2,1,1,26.04,S,G84,LOC-449928,1
1617,2,male,32.7,1,0,19.7,Q,,LOC-682940,0
1777,2,female,39.6,0,0,26.12,S,C202,LOC-949144,1
1369,3,female,23.9,0,0,13.87,C,,LOC-452629,1
1649,3,male,25.1,0,0,8.09,C,G194,LOC-991782,0
1679,3,male,39.1,0,1,12.6,S,,LOC-931695,0
1650,3,female,37.9,1,1,9.49,Q,,LOC-604301,0
1626,2,female,24.6,0,2,28.76,S,,LOC-664448,1
1599,2,female,7.1,0,1,27.82,C,,LOC-810025,1
1454,2,male,44.2,0,1,40.88,S,F148,LOC-595317,0
1812,3,female,4.7,1,0,8.68,S,C177,LOC-616554,1
1763,2,male,53.2,0,0,27.27,S,E141,LOC-213010,0
1900,3,male,26.3,1,1,7.33,S,F73,LOC-625980,0
1676,3,female,0.5,0,1,11.36,S,,LOC-847511,1
1061,3,male,24.1,0,0,11.03,S,,LOC-876619,0
1334,1,male,37.1,0,0,104.94,S,C46,LOC-571646,1
1459,3,male,28.0,0,0,8.71,Q,G125,LOC-539118,1
1414,2,male,,1,1,32.71,S,E146,LOC-813478,0
1044,1,male,48.8,2,0,148.82,S,C69,LOC-827370,1
1624,2,male,47.6,0,0,18.97,S,G140,LOC-475490,0
1170,3,female,25.3,0,0,18.15,C,G113,LOC-976804,1
1643,3,male,25.4,0,0,19.53,Q,G183,LOC-606726,0
1848,1,male,50.9,0,2,73.3,S,,LOC-368327,1
1868,2,female,25.2,0,0,40.37,S,A107,LOC-845992,1
1791,3,male,23.3,2,0,8.18,C,,LOC-664473,0
1346,1,male,51.9,0,0,80.43,S,,LOC-496992,0
1029,3,female,45.5,3,1,17.86,C,,LOC-571059,1
1065,1,male,43.3,0,0,118.58,S,B115,LOC-531461,1
1185,3,female,2.2,0,1,8.93,C,F119,LOC-294775,0
1654,2,male,37.7,0,0,25.4,C,E191,LOC-237098,1
1878,2,male,25.9,1,1,24.81,Q,,LOC-834258,0
1881,2,female,30.1,0,0,26.6,S,,LOC-415796,1
1059,3,male,35.3,1,0,17.02,S,,LOC-223753,0
1015,1,male,,0,0,118.48,S,,LOC-588673,1
1097,3,female,35.5,0,1,9.38,C,,LOC-473137,0
1274,3,male,38.4,0,0,5.27,Q,F45,LOC-150421,0
1844,3,male,,1,1,16.66,S,,LOC-635463,0
1140,3,male,2.0,1,3,17.61,C,G20,LOC-928258,0
1252,3,male,,0,0,11.41,S,,LOC-478533,0
1506,3,male,34.5,0,1,17.92,Q,E102,LOC-732886,1
1201,1,male,43.5,0,2,116.19,C,B104,LOC-127063,1
1085,2,female,31.5,0,0,26.65,S,,LOC-775454,1
1087,3,male,19.4,2,1,14.62,S,F166,LOC-572817,0
1528,1,female,39.7,1,0,153.8,S,,LOC-744021,1
1158,3,male,4.0,1,1,9.07,S,,LOC-390074,1
1772,2,male,2.0,1,0,31.81,C,E150,LOC-835852,1
1573,1,male,35.4,0,0,108.88,S,,LOC-415552,1
1247,3,female,4.0,0,0,11.13,Q,,LOC-904509,0
1761,1,female,4.3,0,0,108.4,S,,LOC-718795,1
1775,3,male,,1,0,21.35,C,G114,LOC-144089,1
1677,1,female,39.2,0,1,71.9,S,B130,LOC-592858,1
1800,3,male,33.0,1,1,16.95,C,F126,LOC-882101,0
1499,3,male,24.2,1,0,17.14,C,,LOC-730441,0
1485,1,male,31.6,0,1,95.07,S,,LOC-708832,1
1461,2,male,0.5,0,1,26.53,S,E166,LOC-534589,1
1380,3,male,1.0,0,1,10.62,S,G64,LOC-888485,0
1002,3,female,22.0,0,0,13.84,S,F48,LOC-526964,1
1585,3,male,14.5,0,0,5.61,S,G124,LOC-685912,1
1667,1,male,,1,2,104.84,C,,LOC-653610,0
1049,3,male,0.5,1,0,11.42,S,D51,LOC-852418,1
1652,3,female,28.1,1,0,12.4,S,G95,LOC-631357,0
1524,2,male,,0,0,39.3,C,,LOC-681877,0
1508,3,female,28.3,1,0,10.9,S,,LOC-569429,0
1053,2,male,12.6,1,1,37.56,S,,LOC-625366,1
1330,1,male,28.4,0,0,78.77,S,A62,LOC-447649,1
1271,3,male,29.2,0,1,9.62,S,,LOC-634034,0
1089,3,female,17.8,0,0,11.81,C,,LOC-210229,1
1446,3,male,19.1,0,0,5.04,S,E130,LOC-948927,0
1066,3,female,47.2,0,0,11.18,S,,LOC-846940,0
1156,3,male,5.5,0,1,30.76,S,,LOC-272449,0
1171,3,female,13.6,0,1,9.78,S,G40,LOC-690271,0
1432,3,female,38.6,0,1,10.4,S,,LOC-735284,0
1841,3,male,6.0,0,0,7.9,C,,LOC-751106,1
1169,2,female,,0,0,65.03,S,E161,LOC-743412,1
1146,3,male,24.3,1,1,24.78,S,,LOC-726914,1
1325,2,male,,0,0,24.79,S,E114,LOC-674584,0
1593,3,male,14.5,0,0,10.5,S,,LOC-522013,0
1427,3,male,45.9,1,0,7.94,S,,LOC-158601,0
1052,3,female,42.7,2,0,16.72,S,,LOC-813435,1
1183,3,female,8.5,0,1,19.9,S,,LOC-520352,0
1014,3,male,37.2,1,0,15.23,S,D32,LOC-903956,1
1019,1,female,36.5,1,0,164.24,S,E148,LOC-592996,1
1694,2,female,50.4,0,0,13.08,S,,LOC-659678,1
1419,3,female,32.6,1,0,18.81,S,,LOC-851282,1
1890,1,female,28.4,0,0,100.35,S,D8,LOC-648583,1
1757,2,male,9.3,0,0,26.94,S,,LOC-912324,0
1145,1,female,27.2,0,0,60.01,C,B67,LOC-884940,1
1715,3,female,22.5,1,2,9.56,S,,LOC-138957,0
1840,2,female,20.7,1,1,24.93,S,,LOC-473362,1
1690,3,male,12.2,1,4,22.23,C,,LOC-578635,0
1056,3,male,34.5,0,0,11.91,C,,LOC-389543,0
1153,3,female,5.6,2,0,13.64,,G213,LOC-371515,1
1458,3,male,46.7,1,1,13.69,C,D209,LOC-243234,0
1725,1,female,46.6,0,0,172.85,S,,LOC-962395,1
1151,3,male,34.7,0,0,6.9,C,F37,LOC-260716,0
1326,1,female,24.0,0,0,65.53,Q,,LOC-171756,1
1218,1,female,36.8,1,1,136.05,S,A91,LOC-920934,1
1378,1,male,57.2,1,0,81.39,C,A219,LOC-867784,1
1774,3,female,19.7,0,0,4.53,C,,LOC-311399,1
1771,1,male,62.0,2,0,80.48,S,D71,LOC-679656,1
1282,3,female,2.2,1,0,11.54,C,,LOC-833022,0
1273,3,female,8.8,0,1,15.2,S,G103,LOC-217352,0
1656,3,male,29.2,1,1,12.4,S,F90,LOC-704552,0
1300,1,female,30.3,0,0,109.46,S,,LOC-274773,1
1356,3,male,35.2,1,0,10.68,C,G39,LOC-417235,0
1839,3,male,,0,1,6.88,C,,LOC-387196,1
1033,2,male,27.7,0,0,38.79,C,,LOC-440177,0
1270,1,male,32.0,0,1,75.01,C,,LOC-431650,1
1500,1,male,35.1,0,2,106.13,C,D3,LOC-377991,0
1494,1,male,8.1,0,1,137.55,S,,LOC-603614,0
1465,3,female,34.3,1,0,25.67,S,,LOC-644544,0
1255,1,female,11.0,1,1,89.38,S,,LOC-791573,1
1075,2,female,2.5,0,0,36.65,Q,E60,LOC-431945,1
1372,1,male,46.8,0,0,85.61,S,,LOC-676973,1
1045,2,male,27.9,0,0,42.6,S,,LOC-530359,1
1893,3,female,37.3,0,0,9.59,C,,LOC-907227,0
1550,3,female,44.3,1,1,27.27,C,,LOC-940676,1
1788,2,male,19.1,1,0,60.91,C,D111,LOC-332442,0
1460,2,female,11.0,0,0,39.41,C,,LOC-263163,1
1813,3,female,,1,0,18.17,S,G27,LOC-851484,1
1575,2,female,57.9,0,0,42.31,S,E5,LOC-412085,1
1767,3,female,34.1,0,1,14.43,S,G80,LOC-305799,0
1166,3,female,7.6,1,2,11.4,S,,LOC-807248,0
1469,1,female,4.9,0,0,67.21,Q,A37,LOC-421068,1
1482,1,male,41.1,0,0,68.13,S,,LOC-491356,1
1418,2,female,21.1,1,0,28.61,S,E210,LOC-148192,1
1851,2,female,51.4,1,0,32.85,S,,LOC-703777,1
1896,3,male,33.8,1,0,21.46,S,G95,LOC-844213,0
1437,1,female,40.9,0,0,147.04,S,A149,LOC-360768,0
1536,2,male,15.0,0,0,51.92,S,,LOC-281840,1
1879,1,male,73.4,0,0,101.02,C,,LOC-475141,1
1314,3,male,39.8,1,0,8.93,Q,,LOC-226570,1
1703,1,female,28.4,0,0,62.57,S,,LOC-556684,0
1114,1,female,40.6,0,0,67.61,S,,LOC-403488,1
1822,1,male,21.4,1,0,64.59,C,B162,LOC-193621,1
1318,1,male,12.3,0,1,61.71,S,B40,LOC-471808,1
1093,3,female,27.3,0,0,14.72,S,,LOC-442280,0
1392,1,male,28.3,0,0,65.29,S,,LOC-258973,1
1229,1,male,37.7,1,1,96.47,S,,LOC-764628,1
1549,2,male,39.1,1,1,19.57,S,,LOC-373255,0
1133,2,male,5.3,1,0,35.98,S,,LOC-910216,1
1196,2,male,37.4,0,0,9.53,Q,F21,LOC-518995,1
1527,2,male,46.6,0,0,25.51,C,D33,LOC-536523,0
1680,2,female,37.3,0,0,27.52,S,,LOC-749801,1
1309,3,female,7.7,0,0,13.1,S,G157,LOC-897021,0
1206,3,female,30.5,0,0,10.54,Q,E152,LOC-456278,1
1081,3,female,,0,0,7.81,C,F53,LOC-492704,1
1831,3,female,6.0,0,1,13.01,S,,LOC-611138,1
1421,2,male,37.9,2,0,15.27,C,,LOC-312943,1
1498,1,male,49.4,2,0,71.57,S,C105,LOC-618044,1
1098,1,male,58.4,0,0,90.9,S,,LOC-140669,1
1749,3,male,36.6,1,1,9.23,S,D140,LOC-147105,0
1409,2,female,11.6,1,1,22.38,S,F161,LOC-173545,0
1675,2,female,24.8,1,0,33.66,Q,D132,LOC-805319,1
1054,3,male,21.5,1,0,14.68,S,,LOC-473883,0
1603,3,male,35.0,0,0,13.09,C,,LOC-117445,0
1400,3,male,16.1,2,0,14.48,S,F114,LOC-702991,0
1496,3,female,9.0,0,0,26.47,S,,LOC-550823,1
1464,3,female,,1,0,7.3,S,,LOC-632432,0
1602,3,female,,1,0,22.11,S,F13,LOC-282701,1
1182,1,female,6.0,0,2,64.77,S,D46,LOC-647413,1
1442,1,male,35.8,0,1,101.18,S,A171,LOC-688701,1
1116,3,female,14.9,2,1,13.81,S,,LOC-282750,0
1748,3,male,35.4,1,0,13.31,S,D214,LOC-497147,0
1434,3,male,46.3,0,0,6.51,S,F32,LOC-298037,0
1035,1,male,32.8,1,0,149.21,Q,,LOC-774734,0
1661,3,male,24.5,1,0,9.12,S,G213,LOC-787694,0
1025,1,male,47.7,1,0,111.02,S,C103,LOC-884985,1
1003,3,female,30.7,2,1,11.71,S,,LOC-927147,1
1259,1,female,,0,0,64.53,S,,LOC-506598,1
1565,3,male,16.2,1,0,6.3,C,,LOC-148137,1
1013,3,male,43.6,2,1,10.89,S,,LOC-989427,0
1609,3,female,17.7,2,0,13.16,C,E75,LOC-953377,1
1083,1,male,23.4,0,1,115.66,S,,LOC-966291,0
1544,2,male,33.7,1,0,18.4,S,,LOC-295025,0
1050,3,female,32.5,1,0,12.58,C,,LOC-288216,1
1028,1,female,48.3,0,0,183.67,,C21,LOC-220314,1
1563,3,male,13.0,0,0,8.32,S,,LOC-540715,1
1580,2,female,28.4,0,0,22.72,S,D219,LOC-508382,0
1395,2,female,60.5,0,0,29.96,S,,LOC-907689,1
1608,2,male,44.8,0,1,38.99,C,,LOC-224719,0
1581,3,female,24.7,0,0,8.47,S,,LOC-792428,1
1381,3,female,20.3,1,2,13.52,C,,LOC-496249,1
1686,3,female,5.0,0,0,13.9,S,,LOC-486318,1
1150,3,male,21.6,2,0,8.89,S,F159,LOC-278220,0
1752,2,male,43.3,2,0,32.62,S,,LOC-868459,0
1722,3,female,13.3,0,1,11.58,C,,LOC-510496,0
1804,1,male,36.1,1,1,65.24,Q,,LOC-379834,1
1363,3,female,17.6,0,0,5.66,S,,LOC-759119,1
1101,1,male,47.9,0,0,96.43,S,,LOC-615991,0
1837,1,male,6.8,3,2,72.4,Q,,LOC-932723,1
1751,2,female,21.0,1,1,37.77,Q,D75,LOC-405801,1
